,unique_links
0,https://www.census.gov/topics/population/age-and-sex.html
1,https://www.census.gov/topics/business-economy.html?sec_ak_reference=18.d400fea5.1554671748.200e89bc
2,https://www.census.gov/topics/education.html
3,https://www.census.gov/topics/preparedness.html
4,https://www.census.gov/topics/employment.html
5,https://www.census.gov/topics/families.html
6,https://www.census.gov/topics/population/migration.html
7,https://www.census.gov/programs-surveys/geography.html
8,https://www.census.gov/topics/health.html
9,https://www.census.gov/topics/population/hispanic-origin.html
10,https://www.census.gov/topics/housing.html
11,https://www.census.gov/topics/income-poverty.html
12,https://www.census.gov/foreign-trade/index.html?sec_ak_reference=18.d400fea5.1554671782.200ef0d1
13,https://www.census.gov/topics/population.html
14,https://www.census.gov/programs-surveys/popest.html
15,https://www.census.gov/govs/
16,https://www.census.gov/topics/population/race.html
17,https://www.census.gov/research/
18,https://www.census.gov/topics/public-sector/voting.html
19,https://www.census.gov/about/index.html
20,https://www.census.gov/data.html
21,https://www.census.gov/academy
22,https://www.census.gov/about/what/admin-data.html
23,https://www.census.gov/data/data-tools.html
24,https://www.census.gov/developers/
25,https://www.census.gov/data/related-sites.html
26,https://www.census.gov/data/software.html
27,https://www.census.gov/data/tables.html
28,https://www.census.gov/data/training-workshops.html
29,https://www.census.gov/library/visualizations.html
30,https://www.census.gov/library.html
31,https://www.census.gov/AmericaCounts
32,https://www.census.gov/library/audio.html
34,https://www.census.gov/library/photos.html
35,https://www.census.gov/library/publications.html
36,https://www.census.gov/library/video.html
37,https://www.census.gov/library/working-papers.html
38,https://www.census.gov/programs-surveys.html
39,https://www.census.gov/programs-surveys/are-you-in-a-survey.html
40,https://www.census.gov/programs-surveys/decennial-census/2020-census.html?sec_ak_reference=18.a894dc17.1554646157.287ffaea
41,https://www.census.gov/programs-surveys/decennial-census/decade.2010.html
42,https://www.census.gov/programs-surveys/acs
43,https://www.census.gov/programs-surveys/ahs.html
44,https://www.census.gov/programs-surveys/abs.html
45,https://www.census.gov/programs-surveys/asm.html
46,https://www.census.gov/programs-surveys/cog.html
47,https://www.census.gov/programs-surveys/cbp.html
48,https://www.census.gov/programs-surveys/cps.html
49,https://www.census.gov/programs-surveys/economic-census.html?sec_ak_reference=18.d400fea5.1554648276.1e844f32
50,https://www.census.gov/programs-surveys/international-programs.html?sec_ak_reference=18.d400fea5.1554671864.201041b6
51,https://www.census.gov/programs-surveys/metro-micro.html
52,https://www.census.gov/programs-surveys/popproj.html
53,https://www.census.gov/programs-surveys/saipe.html
54,https://www.census.gov/programs-surveys/susb.html
55,https://www.census.gov/programs-surveys/sbo.html
56,https://www.census.gov/sipp/
57,https://www.census.gov/programs-surveys/surveys-programs.html
58,https://www.census.gov/newsroom.html
60,https://www.census.gov/partners.html?sec_ak_reference=18.d400fea5.1554671886.2010936a
61,https://www.census.gov/programs-surveys/sis.html
62,https://www.census.gov/eos/www/naics/
63,https://www.census.gov/foreign-trade/schedules/b/index.html
64,https://www.census.gov/data/developers/data-sets/Geocoding-services.html
65,https://www.census.gov/about.html?sec_ak_reference=18.d400fea5.1554671900.2010c726
66,https://www.census.gov/about/who.html
67,https://www.census.gov/about/what.html
68,https://www.census.gov/about/business-opportunities.html
69,https://www.census.gov/about/census-careers.html?sec_ak_reference=18.d400fea5.1554671908.2010e5a1
70,https://www.census.gov/fieldjobs
72,https://www.census.gov/history/
73,https://www.census.gov/about/policies.html
74,https://www.census.gov/privacy/
75,https://www.census.gov/regions
76,https://www.census.gov/cgi-bin/main/email.cgi
77,https://www.census.gov/about/contact-us.html
78,https://ask.census.gov/
80,https://www.census.gov/topics/business-economy.html?sec_ak_reference=18.d400fea5.1554671940.20116bcf
91,https://www.census.gov/foreign-trade/index.html?sec_ak_reference=18.d400fea5.1554671969.2011da2a
129,https://www.census.gov/programs-surveys/international-programs.html?sec_ak_reference=18.d400fea5.1554672064.2013893e
139,https://www.census.gov/partners.html?sec_ak_reference=18.d400fea5.1554672088.2013f094
144,https://www.census.gov/about.html?sec_ak_reference=18.d400fea5.1554672104.201428db
148,https://www.census.gov/about/census-careers.html?sec_ak_reference=18.d400fea5.1554672114.20144f92
160,https://www.census.gov/about/contact-us/social_media.html
161,https://www.census.gov/newsroom/stories.html
162,https://www.facebook.com/uscensusbureau/
163,https://twitter.com/uscensusbureau/
164,https://www.youtube.com/user/uscensusbureau/
165,https://www.instagram.com/uscensusbureau/
166,https://www.census.gov/about/census-careers.html?sec_ak_reference=18.d400fea5.1554672182.20155ede
167,https://www.census.gov/quality/
168,https://www.census.gov/about/adrm/linkage.html?sec_ak_reference=18.d400fea5.1554672189.20157786
170,https://www.census.gov/about/policies/privacy/privacy-policy.html#accessibility
171,https://www.census.gov/about/policies/foia.html?sec_ak_reference=18.ae00fea5.1554648286.2dac33d2
172,https://www.commerce.gov/
